,Player,Pos,Age,Tm,G,GS,MP,FG,FGA,FG%,3P,3PA,3P%,2P,2PA,2P%,eFG%,FT,FTA,FT%,ORB,DRB,TRB,AST,STL,BLK,TOV,PF,PTS,Year,PER,TS%,3PAr,FTr,ORB%,DRB%,TRB%,AST%,STL%,BLK%,TOV%,USG%,OWS,DWS,WS,WS/48,OBPM,DBPM,BPM,VORP,Team,W,L,W/L%,GB,PS/G,PA/G,SRS,Predictions
67,Nikola Jokić,C,28,DEN,72,72,34.5,10.3,17.8,0.579,1.0,2.9,0.346,9.3,14.9,0.624,0.607,4.6,5.6,0.823,2.8,9.4,12.3,9.0,1.3,0.9,2.9,2.4,26.1,2024,30.9,0.647,0.163,0.314,9.4,29.6,19.8,42.5,1.9,2.2,12.6,29.2,10.9,4.5,15.4,0.297,9.1,4.2,13.3,9.7,Denver Nuggets,52,23,0.693,0.5,114.6,109.8,4.91,0.7734912222222221
122,Shai Gilgeous-Alexander,PG,25,OKC,71,71,34.4,10.7,19.9,0.539,1.3,3.5,0.365,9.5,16.4,0.576,0.571,7.5,8.6,0.872,0.9,4.7,5.5,6.3,2.1,0.9,2.2,2.5,30.3,2024,29.4,0.638,0.178,0.431,2.9,14.6,9.0,29.9,2.9,2.4,8.5,32.7,10.1,4.0,14.1,0.277,6.7,2.3,9.0,6.8,Oklahoma City Thunder,52,22,0.703,0.0,120.4,113.0,7.22,0.5959370178571427
7,Giannis Antetokounmpo,PF,29,MIL,69,69,35.2,11.5,18.8,0.614,0.5,1.7,0.286,11.0,17.0,0.648,0.628,7.2,11.0,0.659,2.7,8.8,11.5,6.4,1.2,1.0,3.4,2.9,30.8,2024,29.9,0.652,0.092,0.585,8.6,26.7,17.9,31.8,1.7,2.4,12.7,33.0,9.2,3.5,12.7,0.25,6.7,2.3,9.1,6.8,Milwaukee Bucks,47,27,0.635,0.0,120.4,116.8,3.25,0.5155671190476189
30,Luka Dončić,PG,24,DAL,65,65,37.4,11.6,23.6,0.489,4.0,10.4,0.38,7.6,13.2,0.574,0.573,6.9,8.9,0.782,0.8,8.3,9.1,9.8,1.5,0.5,4.0,2.1,34.0,2024,28.3,0.617,0.44,0.376,2.4,24.2,13.4,43.9,1.9,1.2,12.6,36.1,8.1,3.2,11.2,0.222,8.3,1.6,10.0,7.4,Dallas Mavericks,45,29,0.608,0.0,118.7,116.3,2.58,0.3763504523809524
165,Jayson Tatum,PF,25,BOS,69,69,35.9,9.2,19.5,0.474,3.1,8.3,0.379,6.1,11.2,0.543,0.554,5.7,6.8,0.832,0.9,7.3,8.2,4.9,1.0,0.6,2.6,2.0,27.3,2024,22.5,0.606,0.425,0.349,2.9,21.1,12.4,21.1,1.4,1.4,10.2,30.3,6.0,3.9,9.9,0.192,4.6,0.6,5.2,4.5,Boston Celtics,58,16,0.784,0.0,120.9,109.5,11.05,0.14666865079365082
