,Player,Pos,Age,Tm,G,GS,MP,FG,FGA,FG%,3P,3PA,3P%,2P,2PA,2P%,eFG%,FT,FTA,FT%,ORB,DRB,TRB,AST,STL,BLK,TOV,PF,PTS,Year,PER,TS%,3PAr,FTr,ORB%,DRB%,TRB%,AST%,STL%,BLK%,TOV%,USG%,OWS,DWS,WS,WS/48,OBPM,DBPM,BPM,VORP,Team,W,L,W/L%,GB,PS/G,PA/G,SRS,Predictions
68,Nikola Jokić,C,28.0,DEN,77.0,77.0,34.6,10.5,18.0,0.581,1.1,3.0,0.358,9.4,15.0,0.625,0.611,4.6,5.6,0.818,2.8,9.6,12.4,9.0,1.3,0.9,3.0,2.4,26.6,2024,31.1,0.649,0.165,0.312,10.3,33.4,22.1,42.3,1.9,2.1,12.7,29.9,11.4,4.9,16.3,0.293,9.2,4.4,13.6,10.6,Denver Nuggets,0.0,0.0,0.0,0.0,0.0,0.0,0.0,0.7353132619047625
124,Shai Gilgeous-Alexander,PG,25.0,OKC,73.0,73.0,34.4,10.7,19.9,0.539,1.3,3.5,0.368,9.4,16.4,0.576,0.571,7.6,8.7,0.871,0.9,4.7,5.6,6.2,2.1,0.9,2.2,2.5,30.4,2024,29.3,0.639,0.177,0.436,3.2,16.1,9.9,30.0,2.9,2.4,8.5,33.2,9.9,4.0,13.8,0.265,6.8,2.3,9.1,7.0,Oklahoma City Thunder,0.0,0.0,0.0,0.0,0.0,0.0,0.0,0.5020836051587301
7,Giannis Antetokounmpo,PF,29.0,MIL,73.0,73.0,35.2,11.5,18.8,0.611,0.5,1.7,0.274,11.0,17.1,0.645,0.624,7.0,10.7,0.657,2.7,8.8,11.5,6.5,1.2,1.1,3.4,2.9,30.4,2024,29.8,0.649,0.091,0.571,9.4,29.6,19.8,32.5,1.7,2.6,12.7,33.3,8.9,3.7,12.7,0.237,6.7,2.4,9.1,7.2,Milwaukee Bucks,0.0,0.0,0.0,0.0,0.0,0.0,0.0,0.4848049325396827
31,Luka Dončić,PG,24.0,DAL,70.0,70.0,37.5,11.5,23.6,0.487,4.1,10.6,0.382,7.4,13.0,0.573,0.573,6.8,8.7,0.786,0.8,8.4,9.2,9.8,1.4,0.5,4.0,2.1,33.9,2024,28.1,0.617,0.45,0.368,2.7,26.5,14.6,43.9,1.8,1.3,12.8,36.3,8.0,3.6,11.6,0.212,8.4,1.7,10.1,8.1,Dallas Mavericks,0.0,0.0,0.0,0.0,0.0,0.0,0.0,0.4400132480158731
167,Jayson Tatum,PF,25.0,BOS,73.0,73.0,35.8,9.1,19.4,0.472,3.1,8.2,0.379,6.0,11.1,0.541,0.553,5.6,6.7,0.834,0.9,7.3,8.2,4.9,1.0,0.6,2.5,1.9,27.0,2024,22.3,0.605,0.426,0.345,3.0,22.0,13.0,21.1,1.4,1.4,10.3,30.4,5.7,4.3,10.0,0.184,4.5,0.6,5.1,4.7,Boston Celtics,0.0,0.0,0.0,0.0,0.0,0.0,0.0,0.06942772619047616
