,Player,Pos,Age,Tm,G,GS,MP,FG,FGA,FG%,3P,3PA,3P%,2P,2PA,2P%,eFG%,FT,FTA,FT%,ORB,DRB,TRB,AST,STL,BLK,TOV,PF,PTS,Year,PER,TS%,3PAr,FTr,ORB%,DRB%,TRB%,AST%,STL%,BLK%,TOV%,USG%,OWS,DWS,WS,WS/48,OBPM,DBPM,BPM,VORP,Team,W,L,W/L%,GB,PS/G,PA/G,SRS,Predictions
67,Nikola Jokić,C,28,DEN,74,74,34.6,10.4,18.0,0.579,1.0,3.0,0.342,9.4,15.0,0.626,0.607,4.6,5.6,0.823,2.8,9.6,12.4,9.0,1.3,0.9,3.0,2.4,26.5,2024,31.0,0.647,0.166,0.31,9.9,32.1,21.3,42.6,1.9,2.2,12.6,29.8,11.2,4.5,15.7,0.294,9.1,4.4,13.5,10.1,Denver Nuggets,53,24,0.688,0.5,114.3,109.6,4.78,0.9813856
123,Shai Gilgeous-Alexander,PG,25,OKC,71,71,34.4,10.7,19.9,0.539,1.3,3.5,0.365,9.5,16.4,0.576,0.571,7.5,8.6,0.872,0.9,4.7,5.5,6.3,2.1,0.9,2.2,2.5,30.3,2024,29.4,0.638,0.178,0.431,3.1,15.2,9.4,30.1,2.9,2.4,8.5,32.9,9.9,3.9,13.8,0.271,6.7,2.3,9.0,6.8,Oklahoma City Thunder,52,24,0.684,1.0,119.9,113.3,6.72,0.73228747
7,Giannis Antetokounmpo,PF,29,MIL,71,71,35.2,11.5,18.8,0.613,0.5,1.7,0.276,11.1,17.1,0.647,0.626,7.1,10.8,0.657,2.7,8.8,11.5,6.5,1.2,1.1,3.4,2.9,30.7,2024,29.9,0.65,0.092,0.575,8.9,28.1,18.8,32.3,1.6,2.5,12.6,33.1,9.2,3.6,12.7,0.245,6.7,2.4,9.1,7.0,Milwaukee Bucks,47,29,0.618,0.0,120.0,116.8,2.79,0.57709783
30,Luka Dončić,PG,24,DAL,67,67,37.4,11.5,23.6,0.486,4.0,10.5,0.382,7.5,13.1,0.57,0.571,6.8,8.7,0.783,0.8,8.4,9.2,9.8,1.5,0.5,4.0,2.1,33.8,2024,28.1,0.616,0.443,0.369,2.4,25.1,13.8,43.9,1.9,1.2,12.7,36.1,7.8,3.4,11.2,0.215,8.2,1.7,10.0,7.6,Dallas Mavericks,46,30,0.605,0.0,118.3,115.8,2.66,0.46360508
243,Domantas Sabonis,C,27,SAC,76,76,35.8,7.8,13.1,0.599,0.4,1.1,0.383,7.4,12.0,0.618,0.614,3.5,5.0,0.704,3.5,10.1,13.7,8.3,0.9,0.6,3.3,3.1,19.6,2024,23.3,0.641,0.081,0.384,11.1,33.5,22.1,34.1,1.2,1.5,17.8,22.3,7.9,3.6,11.4,0.202,4.2,2.3,6.5,5.8,Sacramento Kings,44,32,0.579,4.0,117.0,115.8,1.64,0.11885293
