,Player,Pos,Age,Tm,G,GS,MP,FG,FGA,FG%,3P,3PA,3P%,2P,2PA,2P%,eFG%,FT,FTA,FT%,ORB,DRB,TRB,AST,STL,BLK,TOV,PF,PTS,Year,PER,TS%,3PAr,FTr,ORB%,DRB%,TRB%,AST%,STL%,BLK%,TOV%,USG%,OWS,DWS,WS,WS/48,OBPM,DBPM,BPM,VORP,Team,W,L,W/L%,GB,PS/G,PA/G,SRS,Predictions
69,Nikola Jokić,C,28,DEN,78,78,34.7,10.4,17.9,0.582,1.1,3.0,0.359,9.4,15.0,0.626,0.612,4.6,5.6,0.819,2.8,9.5,12.3,9.0,1.3,0.9,3.0,2.5,26.5,2024,31.1,0.65,0.165,0.311,9.2,29.6,19.7,42.3,1.9,2.1,12.8,29.5,11.9,5.0,16.9,0.3,9.1,4.2,13.3,10.5,Denver Nuggets,56,25,0.691,0.0,114.7,109.6,5.18,0.9845688
125,Shai Gilgeous-Alexander,PG,25,OKC,74,74,34.3,10.7,19.9,0.536,1.3,3.6,0.358,9.4,16.4,0.575,0.568,7.6,8.7,0.873,0.9,4.7,5.6,6.2,2.0,0.9,2.2,2.5,30.3,2024,29.3,0.636,0.18,0.436,2.9,14.9,9.1,29.8,2.8,2.5,8.4,32.9,10.3,4.1,14.4,0.273,6.7,2.3,8.9,7.0,Oklahoma City Thunder,56,25,0.691,0.0,119.9,113.0,6.83,0.72804826
32,Luka Dončić,PG,24,DAL,70,70,37.5,11.5,23.6,0.487,4.1,10.6,0.382,7.4,13.0,0.573,0.573,6.8,8.7,0.786,0.8,8.4,9.2,9.8,1.4,0.5,4.0,2.1,33.9,2024,28.1,0.617,0.45,0.368,2.5,24.4,13.5,44.1,1.8,1.3,12.8,36.0,8.6,3.6,12.1,0.222,8.3,1.7,10.0,8.0,Dallas Mavericks,50,31,0.617,0.0,118.2,115.4,2.82,0.5527324
7,Giannis Antetokounmpo,PF,29,MIL,73,73,35.2,11.5,18.8,0.611,0.5,1.7,0.274,11.0,17.1,0.645,0.624,7.0,10.7,0.657,2.7,8.8,11.5,6.5,1.2,1.1,3.4,2.9,30.4,2024,29.9,0.649,0.091,0.571,8.6,26.9,17.9,32.5,1.6,2.6,12.7,33.0,9.5,3.7,13.2,0.247,6.7,2.4,9.1,7.2,Milwaukee Bucks,49,32,0.605,0.0,119.4,116.4,2.75,0.5385594
225,Domantas Sabonis,C,27,SAC,81,81,35.8,7.7,13.1,0.593,0.4,1.0,0.388,7.3,12.0,0.61,0.608,3.6,5.1,0.701,3.6,10.1,13.7,8.2,0.9,0.6,3.3,3.1,19.4,2024,23.2,0.636,0.08,0.388,11.0,32.4,21.5,33.7,1.2,1.5,17.8,22.2,8.5,3.8,12.3,0.203,4.0,2.4,6.4,6.1,Sacramento Kings,45,36,0.556,6.0,116.5,115.2,1.94,0.1286386
