,Player,Pos,Age,Tm,G,GS,MP,FG,FGA,FG%,3P,3PA,3P%,2P,2PA,2P%,eFG%,FT,FTA,FT%,ORB,DRB,TRB,AST,STL,BLK,TOV,PF,PTS,Year,PER,TS%,3PAr,FTr,ORB%,DRB%,TRB%,AST%,STL%,BLK%,TOV%,USG%,OWS,DWS,WS,WS/48,OBPM,DBPM,BPM,VORP,Team,W,L,W/L%,GB,PS/G,PA/G,SRS,Predictions
69,Nikola Jokić,C,28,DEN,79,79,34.6,10.4,17.9,0.583,1.1,2.9,0.359,9.4,14.9,0.626,0.612,4.5,5.5,0.817,2.8,9.5,12.4,9.0,1.4,0.9,3.0,2.5,26.4,2024,31.0,0.65,0.164,0.31,9.3,29.6,19.8,42.0,2.0,2.1,12.9,29.3,12.0,5.1,17.0,0.299,9.0,4.2,13.2,10.6,Denver Nuggets,57,25,0.695,0.0,114.9,109.6,5.23,0.982992
125,Shai Gilgeous-Alexander,PG,25,OKC,75,75,34.0,10.6,19.8,0.535,1.3,3.6,0.353,9.3,16.2,0.576,0.567,7.6,8.7,0.874,0.9,4.7,5.5,6.2,2.0,0.9,2.2,2.5,30.1,2024,29.3,0.636,0.181,0.436,3.0,14.7,9.1,29.8,2.8,2.4,8.4,32.8,10.5,4.2,14.6,0.275,6.7,2.3,9.0,7.1,Oklahoma City Thunder,57,25,0.695,0.0,120.1,112.7,7.36,0.7324085
7,Giannis Antetokounmpo,PF,29,MIL,73,73,35.2,11.5,18.8,0.611,0.5,1.7,0.274,11.0,17.1,0.645,0.624,7.0,10.7,0.657,2.7,8.8,11.5,6.5,1.2,1.1,3.4,2.9,30.4,2024,29.9,0.649,0.091,0.571,8.6,27.0,17.9,32.7,1.6,2.6,12.7,33.0,9.5,3.7,13.2,0.246,6.7,2.4,9.0,7.2,Milwaukee Bucks,49,33,0.598,0.0,119.0,116.4,2.44,0.5363915
32,Luka Dončić,PG,24,DAL,70,70,37.5,11.5,23.6,0.487,4.1,10.6,0.382,7.4,13.0,0.573,0.573,6.8,8.7,0.786,0.8,8.4,9.2,9.8,1.4,0.5,4.0,2.1,33.9,2024,28.1,0.617,0.45,0.368,2.5,24.4,13.5,44.3,1.8,1.3,12.8,36.0,8.5,3.5,12.0,0.22,8.3,1.7,9.9,8.0,Dallas Mavericks,50,32,0.61,0.0,117.9,115.6,2.3,0.51095563
225,Domantas Sabonis,C,27,SAC,82,82,35.7,7.7,13.0,0.594,0.4,1.1,0.379,7.3,12.0,0.613,0.609,3.6,5.1,0.704,3.6,10.1,13.7,8.2,0.9,0.6,3.3,3.0,19.4,2024,23.2,0.637,0.081,0.389,11.0,32.3,21.4,33.9,1.2,1.5,17.9,22.2,8.6,4.0,12.6,0.206,4.0,2.4,6.5,6.2,Sacramento Kings,46,36,0.561,5.0,116.6,114.8,2.29,0.14011262
